date,seller,binder_type,tabs_per_set,sections_in_order,price_per_set_25_sets,price_per_set_250_sets,order_page
2026-10-01,Tabzoola,Estate planning client portfolio binder,8,Will | Revocable Living Trust | Power of Attorney | Healthcare Directive | Beneficiary Designations | Asset Inventory | Insurance | Important Contacts,8.17,2.61,https://tabzoola.com/tabs/estate-planning-binder-tabs
2026-10-01,Tabzoola,Trust administration binder,8,Death Certificates | Trust Documents | Trust EIN & Accounts | Asset Inventory & Valuations | Notices to Beneficiaries | Debts & Expenses | Tax Returns | Distributions & Receipts,8.17,2.61,https://tabzoola.com/tabs/trust-administration-binder-tabs
2026-10-01,Tabzoola,Probate estate file,8,Petition & Letters | Will & Codicils | Notices to Heirs | Inventory & Appraisal | Creditor Claims | Accounts & Receipts | Tax Returns | Distribution & Closing,8.17,2.61,https://tabzoola.com/tabs/probate-binder-tabs
2026-10-01,Tabzoola,Wealth management client review binder,10,Client Profile | Account Summary | Investment Performance | Asset Allocation | Tax Planning | Estate Planning | Insurance Review | Retirement Analysis | Goals & Objectives | Action Items,9.92,3.24,https://tabzoola.com/tabs/wealth-management-binder-tabs
2026-10-01,Tabzoola,"Legal exhibit tabs, Exhibit 1 to 25",25,Exhibit 1 | Exhibit 2 | Exhibit 3 | Exhibit 4 | Exhibit 5 | Exhibit 6 | Exhibit 7 | Exhibit 8 | Exhibit 9 | Exhibit 10 | Exhibit 11 | Exhibit 12 | Exhibit 13 | Exhibit 14 | Exhibit 15 | Exhibit 16 | Exhibit 17 | Exhibit 18 | Exhibit 19 | Exhibit 20 | Exhibit 21 | Exhibit 22 | Exhibit 23 | Exhibit 24 | Exhibit 25,22.99,7.91,https://tabzoola.com/tabs/legal-exhibit-tabs
2026-10-01,Tabzoola,Trial notebook,10,Case Summary | Pleadings | Motions & Orders | Jury Selection | Opening Statement | Witnesses | Exhibits | Jury Instructions | Closing Argument | Law & Research,9.92,3.24,https://tabzoola.com/tabs/trial-notebook-tabs
2026-10-01,Tabzoola,Law office case file,8,Pleadings | Correspondence | Discovery | Depositions | Medical Records | Expert Reports | Billing & Costs | Notes & Research,8.17,2.61,https://tabzoola.com/tabs/law-office-binder-tabs
2026-10-01,Tabzoola,Family law / divorce case file,8,Pleadings | Financial Disclosures | Assets & Debts | Income & Support | Custody & Parenting | Discovery | Correspondence | Agreements & Orders,8.17,2.61,https://tabzoola.com/tabs/family-law-binder-tabs
2026-10-01,Tabzoola,Elder law client binder,8,Client Profile | Estate Plan | Powers of Attorney | Healthcare Directives | Medicaid Planning | Financial Records | Long-Term Care | Correspondence,8.17,2.61,https://tabzoola.com/tabs/elder-law-binder-tabs
2026-10-01,Tabzoola,Bankruptcy petition binder,8,Petition | Property (Sch. A/B) | Exemptions (Sch. C) | Creditors (Sch. D-F) | Income & Expenses | Financial Affairs | Means Test | Credit Counseling,8.17,2.61,https://tabzoola.com/tabs/bankruptcy-binder-tabs
2026-10-01,Tabzoola,Real estate closing binder,10,Purchase Agreement | Addenda & Amendments | Disclosures | Inspections & Repairs | Appraisal | Title Commitment | Survey | Loan Documents | Settlement Statement | Deed & Recording,9.92,3.24,https://tabzoola.com/tabs/real-estate-and-title-closing-tabs
2026-10-01,Tabzoola,CPA audit workpapers,10,Planning | Risk Assessment | Internal Controls | Substantive Tests | Audit Adjustments | Financial Statements | Disclosures | Management Representations | Subsequent Events | Partner Review,9.92,3.24,https://tabzoola.com/tabs/accounting-and-audit-workpaper-tabs
2026-10-01,Tabzoola,Tax return binder,8,Tax Return | Federal Schedules | State Return | W-2s & 1099s | K-1s | Deductions & Receipts | Estimated Payments | Prior Year Return,8.17,2.61,https://tabzoola.com/tabs/financial-and-tax-binder-tabs
2026-10-01,Tabzoola,Employee handbook,8,Welcome | Employment Policies | Pay & Hours | Benefits | Time Off | Workplace Conduct | Safety & Security | Acknowledgment,8.17,2.61,https://tabzoola.com/tabs/employee-handbook-tabs
