date,source,ring_size,ring_style,paper,max_sheets,recommended_sheets_with_15pct_headroom,max_90lb_tab_dividers,calculator
2026-10-02,Tabzoola,1/2 in,round,20_lb_bond,91,79,52,https://tabzoola.com/binder-size-calculator
2026-10-02,Tabzoola,1/2 in,d_ring,20_lb_bond,118,103,67,https://tabzoola.com/binder-size-calculator
2026-10-02,Tabzoola,1/2 in,round,24_lb_bond,77,67,52,https://tabzoola.com/binder-size-calculator
2026-10-02,Tabzoola,1/2 in,d_ring,24_lb_bond,101,87,67,https://tabzoola.com/binder-size-calculator
2026-10-02,Tabzoola,1/2 in,round,28_lb_bond,62,54,52,https://tabzoola.com/binder-size-calculator
2026-10-02,Tabzoola,1/2 in,d_ring,28_lb_bond,81,71,67,https://tabzoola.com/binder-size-calculator
2026-10-02,Tabzoola,1 in,round,20_lb_bond,182,158,104,https://tabzoola.com/binder-size-calculator
2026-10-02,Tabzoola,1 in,d_ring,20_lb_bond,237,206,135,https://tabzoola.com/binder-size-calculator
2026-10-02,Tabzoola,1 in,round,24_lb_bond,155,135,104,https://tabzoola.com/binder-size-calculator
2026-10-02,Tabzoola,1 in,d_ring,24_lb_bond,202,175,135,https://tabzoola.com/binder-size-calculator
2026-10-02,Tabzoola,1 in,round,28_lb_bond,125,109,104,https://tabzoola.com/binder-size-calculator
2026-10-02,Tabzoola,1 in,d_ring,28_lb_bond,163,142,135,https://tabzoola.com/binder-size-calculator
2026-10-02,Tabzoola,1-1/2 in,round,20_lb_bond,273,238,156,https://tabzoola.com/binder-size-calculator
2026-10-02,Tabzoola,1-1/2 in,d_ring,20_lb_bond,356,309,203,https://tabzoola.com/binder-size-calculator
2026-10-02,Tabzoola,1-1/2 in,round,24_lb_bond,232,202,156,https://tabzoola.com/binder-size-calculator
2026-10-02,Tabzoola,1-1/2 in,d_ring,24_lb_bond,303,263,203,https://tabzoola.com/binder-size-calculator
2026-10-02,Tabzoola,1-1/2 in,round,28_lb_bond,188,164,156,https://tabzoola.com/binder-size-calculator
2026-10-02,Tabzoola,1-1/2 in,d_ring,28_lb_bond,245,213,203,https://tabzoola.com/binder-size-calculator
2026-10-02,Tabzoola,2 in,round,20_lb_bond,365,317,208,https://tabzoola.com/binder-size-calculator
2026-10-02,Tabzoola,2 in,d_ring,20_lb_bond,474,413,271,https://tabzoola.com/binder-size-calculator
2026-10-02,Tabzoola,2 in,round,24_lb_bond,310,270,208,https://tabzoola.com/binder-size-calculator
2026-10-02,Tabzoola,2 in,d_ring,24_lb_bond,404,351,271,https://tabzoola.com/binder-size-calculator
2026-10-02,Tabzoola,2 in,round,28_lb_bond,251,218,208,https://tabzoola.com/binder-size-calculator
2026-10-02,Tabzoola,2 in,d_ring,28_lb_bond,327,284,271,https://tabzoola.com/binder-size-calculator
2026-10-02,Tabzoola,3 in,round,20_lb_bond,547,476,312,https://tabzoola.com/binder-size-calculator
2026-10-02,Tabzoola,3 in,d_ring,20_lb_bond,712,619,407,https://tabzoola.com/binder-size-calculator
2026-10-02,Tabzoola,3 in,round,24_lb_bond,465,405,312,https://tabzoola.com/binder-size-calculator
2026-10-02,Tabzoola,3 in,d_ring,24_lb_bond,606,527,407,https://tabzoola.com/binder-size-calculator
2026-10-02,Tabzoola,3 in,round,28_lb_bond,377,328,312,https://tabzoola.com/binder-size-calculator
2026-10-02,Tabzoola,3 in,d_ring,28_lb_bond,491,427,407,https://tabzoola.com/binder-size-calculator
2026-10-02,Tabzoola,4 in,d_ring,20_lb_bond,949,826,542,https://tabzoola.com/binder-size-calculator
2026-10-02,Tabzoola,4 in,d_ring,24_lb_bond,808,703,542,https://tabzoola.com/binder-size-calculator
2026-10-02,Tabzoola,4 in,d_ring,28_lb_bond,655,569,542,https://tabzoola.com/binder-size-calculator
2026-10-02,Tabzoola,5 in,d_ring,20_lb_bond,1187,1032,678,https://tabzoola.com/binder-size-calculator
2026-10-02,Tabzoola,5 in,d_ring,24_lb_bond,1010,878,678,https://tabzoola.com/binder-size-calculator
2026-10-02,Tabzoola,5 in,d_ring,28_lb_bond,818,712,678,https://tabzoola.com/binder-size-calculator
