jurisdiction,rule,stance,applies_to,requirement,quote,official_source,checked,compiled_by
California trial courts,Cal. Rules of Court 3.1110(f)(3),required,paper exhibits filed with motions,hard 8.5 x 11 separator with the tab extending below the bottom of the page,"Each paper exhibit must be separated by a hard 8½ x 11 sheet with hard paper or plastic tabs extending below the bottom of the page, bearing the exhibit designation.",https://courts.ca.gov/cms/rules/index/three/rule3_1110,2026-10-02,Tabzoola (https://tabzoola.com/guides/court-exhibit-tab-rules)
California trial courts,Cal. Rules of Court 3.1113(i),required,paper copies of cited authorities the judge requires,tabbed as in rule 3.1110(f)(3),"If in paper form, the authority must be tabbed or separated as required by rule 3.1110(f)(3).",https://courts.ca.gov/cms/rules/index.cfm?title=three&linkid=rule3_1113,2026-10-03,Tabzoola (https://tabzoola.com/guides/court-exhibit-tab-rules)
California Court of Appeal and Supreme Court,Cal. Rules of Court 8.486(c)(1)(B),required,"documents supporting a writ petition, paper form",index tabs by number or letter,"If submitted in paper form, they must be index-tabbed by number or letter.",https://courts.ca.gov/cms/rules/index.cfm?title=eight&linkid=rule8_486,2026-10-03,Tabzoola (https://tabzoola.com/guides/court-exhibit-tab-rules)
California superior court appellate division,Cal. Rules of Court 8.931(c)(1)(B),required,"documents supporting a writ petition, paper form",index tabs by number or letter,"If submitted in paper form, they must be index-tabbed by number or letter.",https://courts.ca.gov/cms/rules/index.cfm?title=eight&linkid=rule8_931,2026-10-03,Tabzoola (https://tabzoola.com/guides/court-exhibit-tab-rules)
New York Supreme and County Courts,22 NYCRR 202.20-h,required,trial exhibit binder when the court directs one,"plaintiff numbered, defendant lettered","Plaintiff's exhibits shall be numerically tabbed, and defendant's exhibits shall be tabbed alphabetically.",https://ruledex.com/new-york/uniform-rules-for-n-y-state-trial-courts/part-202-uniform-civil-rules-for-the-supreme-court-the-county-court/section-202-20-h-pre-trial-memoranda-exhibit-book-and-requests-for-jury-instructions/,2026-10-02,Tabzoola (https://tabzoola.com/guides/court-exhibit-tab-rules)
U.S. immigration courts (EOIR),Immigration Court Practice Manual 2.3(c)(4),required,paper records,"alphabetic tabs from A, right side; electronic records use Tab A separator sheets; filings pre-punched with two holes along the top, 2.75 in apart (2.3(c)(8))","parties should use alphabetic tabs, commencing with the letter ""A."" The tabs should be affixed to the right side of the pages.",https://www.justice.gov/eoir/policy-manual-eoir/part-II/icpm/chapter-2-3,2026-10-03,Tabzoola (https://tabzoola.com/guides/court-exhibit-tab-rules)
Board of Immigration Appeals,BIA Practice Manual 2.3(c)(5),preferred-separators,appeal and motion packages,"paper separator sheets preferred; if tabs, alphabetic and permanent",the Board prefers that parties use alphabetic tabs of a permanent nature to avoid confusion.,https://www.justice.gov/eoir/policy-manual-eoir/part-III/bia/chapter-2-3,2026-10-03,Tabzoola (https://tabzoola.com/guides/court-exhibit-tab-rules)
Texas appellate courts,Tex. R. App. P. 9.4(h),required,paper appendix or paper record in an original proceeding,tabbed and indexed; electronic versions bookmarked,A paper record in an original proceeding or a paper appendix must be tabbed and indexed.,https://www.txcourts.gov/media/1463134/texas-rules-of-appellate-procedure-02062026.pdf,2026-10-03,Tabzoola (https://tabzoola.com/guides/court-exhibit-tab-rules)
Texas appellate courts,Tex. R. App. P. 9.3(a),banned,unbound copy of an appendix,"separator page before each document, no protruding tabs",The unbound copy of an appendix must contain a separate page before each document and must not include tabs that extend beyond the edge of the page.,https://www.txcourts.gov/media/1463134/texas-rules-of-appellate-procedure-02062026.pdf,2026-10-03,Tabzoola (https://tabzoola.com/guides/court-exhibit-tab-rules)
Kentucky appellate courts,Ky. RAP 32(E)(1)(d),required,brief appendix,extruding (protruding) tabs,The items in the appendix shall be separated by appropriate extruding tabs.,https://kycourts.gov/Courts/Supreme-Court/Supreme%20Court%20Orders/202249.pdf,2026-10-03,Tabzoola (https://tabzoola.com/guides/court-exhibit-tab-rules)
Kentucky appellate courts,Ky. RAP 31(F)(1),banned,unbound copy,separator pages instead of tabs,The unbound copy shall replace extruding tabs with separator pages.,https://kycourts.gov/Courts/Supreme-Court/Supreme%20Court%20Orders/202249.pdf,2026-10-03,Tabzoola (https://tabzoola.com/guides/court-exhibit-tab-rules)
"U.S. Court of Appeals, 11th Circuit",11th Cir. R. 30-1(e) and IOP 1,required,paper appendix,"indexing tabs staggered top to bottom along the right side, numbered by district court docket number",Indexing tabs shall be affixed to the first page of each document in the appendix to identify and assist in locating the document.,https://www.ca11.uscourts.gov/sites/default/files/courtdocs/clk/Rules%20Bookmarked.AUG26.pdf,2026-10-03,Tabzoola (https://tabzoola.com/guides/court-exhibit-tab-rules)
"U.S. Court of Appeals, 11th Circuit",11th Cir. R. 11-4 and IOP 2,required,"record on appeal, civil appeals (district clerk)",right-side staggered tabs with docket numbers,Tabs should be visible and staggered in sequence from top to bottom along the right-hand side.,https://www.ca11.uscourts.gov/sites/default/files/courtdocs/clk/Rules%20Bookmarked.AUG26.pdf,2026-10-03,Tabzoola (https://tabzoola.com/guides/court-exhibit-tab-rules)
"U.S. Court of Appeals, 9th Circuit",9th Cir. R. 11-6.1,required,paper clerk's record (district clerk),each document tabbed with its docket number,Papers shall be bound in a volume or volumes with each document individually tabbed showing the number corresponding to the district court docket entry.,https://cdn.ca9.uscourts.gov/datastore/uploads/rules/frap.pdf,2026-10-03,Tabzoola (https://tabzoola.com/guides/court-exhibit-tab-rules)
"U.S. Court of Appeals, 2nd Circuit",2d Cir. L.R. 32.1(b)(4),allowed,appendix,tabs permitted,Tabs may be used to separate documents in the appendix.,https://www.ca2.uscourts.gov/clerk/case_filing/rules/title7/local_rule_32_1.html,2026-10-03,Tabzoola (https://tabzoola.com/guides/court-exhibit-tab-rules)
"U.S. District Court, E.D. Virginia",Local Civil Rule 79(A),required,trial exhibits,"binder, tabbed, numbered, indexed","the party intending to offer exhibits at trial shall place them in a binder, properly tabbed, numbered, and indexed",https://www.vaed.uscourts.gov/sites/vaed/files/LocalRulesEDVA.pdf,2026-10-03,Tabzoola (https://tabzoola.com/guides/court-exhibit-tab-rules)
"U.S. Bankruptcy Court, E.D. Virginia",LBR 9070-1(A),required,"exhibits, when more than 5","binder, tabbed, numbered, indexed","the party intending to offer such exhibits shall place them in a binder, properly tabbed, numbered and indexed",https://www.vaeb.uscourts.gov/sites/vaeb/files/LBR%20%20changes%2012-1-2025.pdf,2026-10-03,Tabzoola (https://tabzoola.com/guides/court-exhibit-tab-rules)
"U.S. Bankruptcy Court, M.D. Florida",LBR 9070-2(b)(4),required,witness exhibit binders,tab numbers match the exhibit list; three-ring binder,Each exhibit in the witness binder must be tabbed with the number of the exhibit as designated on the Exhibit List.,https://www.flmb.uscourts.gov/localrules/Rules/9070-2.pdf?id=1,2026-10-03,Tabzoola (https://tabzoola.com/guides/court-exhibit-tab-rules)
"U.S. District Court, D. Maryland",L.R. 105.5,required,"exhibits to a motion, memorandum or brief, when more than 5",tabbed and indexed,"the exhibits shall be tabbed and indexed, with cross-references to the page numbers that relate to each exhibit.",https://www.mdd.uscourts.gov/sites/mdd/files/LocalRules.pdf,2026-10-03,Tabzoola (https://tabzoola.com/guides/court-exhibit-tab-rules)
"U.S. District Court, N.D. Illinois",LR 5.2(f),banned,paper originals,no protruding tabs; bold-type separator sheet instead,A paper original shall not have protruding tabs.,https://www.ilnd.uscourts.gov/_assets/_documents/_rules/LRRULES.pdf,2026-10-03,Tabzoola (https://tabzoola.com/guides/court-exhibit-tab-rules)
"U.S. District Court, S.D. Florida",L.R. 5.1(a)(1),banned,attachments to paper filings,blank separator sheet with the label printed on it,Attachments may not be tabbed; reference characters should be printed or typed on a blank sheet of paper separating each attached document.,https://www.flsd.uscourts.gov/sites/flsd/files/25-09-22%202025%20Local%20Rules%20effective%20120125%20-%20FINAL.pdf,2026-10-03,Tabzoola (https://tabzoola.com/guides/court-exhibit-tab-rules)
"U.S. District Court, E.D. Texas",L.R. CV-10(b),banned,paper originals (court and opposing copies should be tabbed),no tabs on the original; dividers or tabs on voluminous copies,"When filed by paper, original documents offered for filing shall not include tabs or dividers.",https://www.txed.uscourts.gov/sites/default/files/LocalRules.pdf,2026-10-03,Tabzoola (https://tabzoola.com/guides/court-exhibit-tab-rules)
