date,seller,product,tabs_per_set,sets,finish,price_per_set,order_total,currency
2026-10-01,Tabzoola,paper,3,25,plain,3.75,93.75,USD
2026-10-01,Tabzoola,paper,3,50,plain,2.16,108.00,USD
2026-10-01,Tabzoola,paper,3,100,plain,1.53,153.00,USD
2026-10-01,Tabzoola,paper,3,250,plain,0.99,247.50,USD
2026-10-01,Tabzoola,paper,3,500,plain,0.84,420.00,USD
2026-10-01,Tabzoola,paper,3,1000,plain,0.66,660.00,USD
2026-10-01,Tabzoola,paper,5,25,plain,5.45,136.25,USD
2026-10-01,Tabzoola,paper,5,50,plain,3.20,160.00,USD
2026-10-01,Tabzoola,paper,5,100,plain,2.35,235.00,USD
2026-10-01,Tabzoola,paper,5,250,plain,1.57,392.50,USD
2026-10-01,Tabzoola,paper,5,500,plain,1.36,680.00,USD
2026-10-01,Tabzoola,paper,5,1000,plain,1.08,1080.00,USD
2026-10-01,Tabzoola,paper,6,25,plain,6.30,157.50,USD
2026-10-01,Tabzoola,paper,6,50,plain,3.72,186.00,USD
2026-10-01,Tabzoola,paper,6,100,plain,2.76,276.00,USD
2026-10-01,Tabzoola,paper,6,250,plain,1.86,465.00,USD
2026-10-01,Tabzoola,paper,6,500,plain,1.62,810.00,USD
2026-10-01,Tabzoola,paper,6,1000,plain,1.29,1290.00,USD
2026-10-01,Tabzoola,paper,8,25,plain,8.00,200.00,USD
2026-10-01,Tabzoola,paper,8,50,plain,4.76,238.00,USD
2026-10-01,Tabzoola,paper,8,100,plain,3.58,358.00,USD
2026-10-01,Tabzoola,paper,8,250,plain,2.44,610.00,USD
2026-10-01,Tabzoola,paper,8,500,plain,2.14,1070.00,USD
2026-10-01,Tabzoola,paper,8,1000,plain,1.71,1710.00,USD
2026-10-01,Tabzoola,paper,10,25,plain,9.70,242.50,USD
2026-10-01,Tabzoola,paper,10,50,plain,5.80,290.00,USD
2026-10-01,Tabzoola,paper,10,100,plain,4.40,440.00,USD
2026-10-01,Tabzoola,paper,10,250,plain,3.02,755.00,USD
2026-10-01,Tabzoola,paper,10,500,plain,2.66,1330.00,USD
2026-10-01,Tabzoola,paper,10,1000,plain,2.13,2130.00,USD
2026-10-01,Tabzoola,paper,12,25,plain,11.40,285.00,USD
2026-10-01,Tabzoola,paper,12,50,plain,6.84,342.00,USD
2026-10-01,Tabzoola,paper,12,100,plain,5.22,522.00,USD
2026-10-01,Tabzoola,paper,12,250,plain,3.60,900.00,USD
2026-10-01,Tabzoola,paper,12,500,plain,3.18,1590.00,USD
2026-10-01,Tabzoola,paper,12,1000,plain,2.55,2550.00,USD
2026-10-01,Tabzoola,paper,15,25,plain,13.95,348.75,USD
2026-10-01,Tabzoola,paper,15,50,plain,8.40,420.00,USD
2026-10-01,Tabzoola,paper,15,100,plain,6.45,645.00,USD
2026-10-01,Tabzoola,paper,15,250,plain,4.47,1117.50,USD
2026-10-01,Tabzoola,paper,15,500,plain,3.96,1980.00,USD
2026-10-01,Tabzoola,paper,15,1000,plain,3.18,3180.00,USD
2026-10-01,Tabzoola,paper,20,25,plain,18.20,455.00,USD
2026-10-01,Tabzoola,paper,20,50,plain,11.00,550.00,USD
2026-10-01,Tabzoola,paper,20,100,plain,8.50,850.00,USD
2026-10-01,Tabzoola,paper,20,250,plain,5.92,1480.00,USD
2026-10-01,Tabzoola,paper,20,500,plain,5.26,2630.00,USD
2026-10-01,Tabzoola,paper,20,1000,plain,4.23,4230.00,USD
2026-10-01,Tabzoola,paper,25,25,plain,22.45,561.25,USD
2026-10-01,Tabzoola,paper,25,50,plain,13.60,680.00,USD
2026-10-01,Tabzoola,paper,25,100,plain,10.55,1055.00,USD
2026-10-01,Tabzoola,paper,25,250,plain,7.37,1842.50,USD
2026-10-01,Tabzoola,paper,25,500,plain,6.56,3280.00,USD
2026-10-01,Tabzoola,paper,25,1000,plain,5.28,5280.00,USD
2026-10-01,Tabzoola,paper,3,25,binder_ready,3.81,95.36,USD
2026-10-01,Tabzoola,paper,3,50,binder_ready,2.22,111.23,USD
2026-10-01,Tabzoola,paper,3,100,binder_ready,1.59,159.45,USD
2026-10-01,Tabzoola,paper,3,250,binder_ready,1.05,263.63,USD
2026-10-01,Tabzoola,paper,3,500,binder_ready,0.90,452.25,USD
2026-10-01,Tabzoola,paper,3,1000,binder_ready,0.72,724.50,USD
2026-10-01,Tabzoola,paper,5,25,binder_ready,5.56,138.94,USD
2026-10-01,Tabzoola,paper,5,50,binder_ready,3.31,165.38,USD
2026-10-01,Tabzoola,paper,5,100,binder_ready,2.46,245.75,USD
2026-10-01,Tabzoola,paper,5,250,binder_ready,1.68,419.38,USD
2026-10-01,Tabzoola,paper,5,500,binder_ready,1.47,733.75,USD
2026-10-01,Tabzoola,paper,5,1000,binder_ready,1.19,1187.50,USD
2026-10-01,Tabzoola,paper,6,25,binder_ready,6.43,160.73,USD
2026-10-01,Tabzoola,paper,6,50,binder_ready,3.85,192.45,USD
2026-10-01,Tabzoola,paper,6,100,binder_ready,2.89,288.90,USD
2026-10-01,Tabzoola,paper,6,250,binder_ready,1.99,497.25,USD
2026-10-01,Tabzoola,paper,6,500,binder_ready,1.75,874.50,USD
2026-10-01,Tabzoola,paper,6,1000,binder_ready,1.42,1419.00,USD
2026-10-01,Tabzoola,paper,8,25,binder_ready,8.17,204.30,USD
2026-10-01,Tabzoola,paper,8,50,binder_ready,4.93,246.60,USD
2026-10-01,Tabzoola,paper,8,100,binder_ready,3.75,375.20,USD
2026-10-01,Tabzoola,paper,8,250,binder_ready,2.61,653.00,USD
2026-10-01,Tabzoola,paper,8,500,binder_ready,2.31,1156.00,USD
2026-10-01,Tabzoola,paper,8,1000,binder_ready,1.88,1882.00,USD
2026-10-01,Tabzoola,paper,10,25,binder_ready,9.92,247.88,USD
2026-10-01,Tabzoola,paper,10,50,binder_ready,6.02,300.75,USD
2026-10-01,Tabzoola,paper,10,100,binder_ready,4.62,461.50,USD
2026-10-01,Tabzoola,paper,10,250,binder_ready,3.24,808.75,USD
2026-10-01,Tabzoola,paper,10,500,binder_ready,2.88,1437.50,USD
2026-10-01,Tabzoola,paper,10,1000,binder_ready,2.35,2345.00,USD
2026-10-01,Tabzoola,paper,12,25,binder_ready,11.66,291.45,USD
2026-10-01,Tabzoola,paper,12,50,binder_ready,7.10,354.90,USD
2026-10-01,Tabzoola,paper,12,100,binder_ready,5.48,547.80,USD
2026-10-01,Tabzoola,paper,12,250,binder_ready,3.86,964.50,USD
2026-10-01,Tabzoola,paper,12,500,binder_ready,3.44,1719.00,USD
2026-10-01,Tabzoola,paper,12,1000,binder_ready,2.81,2808.00,USD
2026-10-01,Tabzoola,paper,15,25,binder_ready,14.27,356.81,USD
2026-10-01,Tabzoola,paper,15,50,binder_ready,8.72,436.13,USD
2026-10-01,Tabzoola,paper,15,100,binder_ready,6.77,677.25,USD
2026-10-01,Tabzoola,paper,15,250,binder_ready,4.79,1198.13,USD
2026-10-01,Tabzoola,paper,15,500,binder_ready,4.28,2141.25,USD
2026-10-01,Tabzoola,paper,15,1000,binder_ready,3.50,3502.50,USD
2026-10-01,Tabzoola,paper,20,25,binder_ready,18.63,465.75,USD
2026-10-01,Tabzoola,paper,20,50,binder_ready,11.43,571.50,USD
2026-10-01,Tabzoola,paper,20,100,binder_ready,8.93,893.00,USD
2026-10-01,Tabzoola,paper,20,250,binder_ready,6.35,1587.50,USD
2026-10-01,Tabzoola,paper,20,500,binder_ready,5.69,2845.00,USD
2026-10-01,Tabzoola,paper,20,1000,binder_ready,4.66,4660.00,USD
2026-10-01,Tabzoola,paper,25,25,binder_ready,22.99,574.69,USD
2026-10-01,Tabzoola,paper,25,50,binder_ready,14.14,706.88,USD
2026-10-01,Tabzoola,paper,25,100,binder_ready,11.09,1108.75,USD
2026-10-01,Tabzoola,paper,25,250,binder_ready,7.91,1976.88,USD
2026-10-01,Tabzoola,paper,25,500,binder_ready,7.10,3548.75,USD
2026-10-01,Tabzoola,paper,25,1000,binder_ready,5.82,5817.50,USD
2026-10-01,Tabzoola,poly,3,25,plain,25.30,632.50,USD
2026-10-01,Tabzoola,poly,3,50,plain,15.05,752.50,USD
2026-10-01,Tabzoola,poly,3,100,plain,8.71,871.00,USD
2026-10-01,Tabzoola,poly,3,250,plain,4.72,1180.00,USD
2026-10-01,Tabzoola,poly,3,500,plain,3.35,1675.00,USD
2026-10-01,Tabzoola,poly,3,1000,plain,2.77,2770.00,USD
2026-10-01,Tabzoola,poly,5,25,plain,31.50,787.50,USD
2026-10-01,Tabzoola,poly,5,50,plain,19.75,987.50,USD
2026-10-01,Tabzoola,poly,5,100,plain,11.85,1185.00,USD
2026-10-01,Tabzoola,poly,5,250,plain,6.80,1700.00,USD
2026-10-01,Tabzoola,poly,5,500,plain,5.05,2525.00,USD
2026-10-01,Tabzoola,poly,5,1000,plain,4.35,4350.00,USD
2026-10-01,Tabzoola,poly,6,25,plain,34.60,865.00,USD
2026-10-01,Tabzoola,poly,6,50,plain,22.10,1105.00,USD
2026-10-01,Tabzoola,poly,6,100,plain,13.42,1342.00,USD
2026-10-01,Tabzoola,poly,6,250,plain,7.84,1960.00,USD
2026-10-01,Tabzoola,poly,6,500,plain,5.90,2950.00,USD
2026-10-01,Tabzoola,poly,6,1000,plain,5.14,5140.00,USD
2026-10-01,Tabzoola,poly,8,25,plain,40.80,1020.00,USD
2026-10-01,Tabzoola,poly,8,50,plain,26.80,1340.00,USD
2026-10-01,Tabzoola,poly,8,100,plain,16.56,1656.00,USD
2026-10-01,Tabzoola,poly,8,250,plain,9.92,2480.00,USD
2026-10-01,Tabzoola,poly,8,500,plain,7.60,3800.00,USD
2026-10-01,Tabzoola,poly,8,1000,plain,6.72,6720.00,USD
2026-10-01,Tabzoola,poly,10,25,plain,47.00,1175.00,USD
2026-10-01,Tabzoola,poly,10,50,plain,31.50,1575.00,USD
2026-10-01,Tabzoola,poly,10,100,plain,19.70,1970.00,USD
2026-10-01,Tabzoola,poly,10,250,plain,12.00,3000.00,USD
2026-10-01,Tabzoola,poly,10,500,plain,9.30,4650.00,USD
2026-10-01,Tabzoola,poly,10,1000,plain,8.30,8300.00,USD
2026-10-01,Tabzoola,poly,12,25,plain,53.20,1330.00,USD
2026-10-01,Tabzoola,poly,12,50,plain,36.20,1810.00,USD
2026-10-01,Tabzoola,poly,12,100,plain,22.84,2284.00,USD
2026-10-01,Tabzoola,poly,12,250,plain,14.08,3520.00,USD
2026-10-01,Tabzoola,poly,12,500,plain,11.00,5500.00,USD
2026-10-01,Tabzoola,poly,12,1000,plain,9.88,9880.00,USD
2026-10-01,Tabzoola,poly,15,25,plain,62.50,1562.50,USD
2026-10-01,Tabzoola,poly,15,50,plain,43.25,2162.50,USD
2026-10-01,Tabzoola,poly,15,100,plain,27.55,2755.00,USD
2026-10-01,Tabzoola,poly,15,250,plain,17.20,4300.00,USD
2026-10-01,Tabzoola,poly,15,500,plain,13.55,6775.00,USD
2026-10-01,Tabzoola,poly,15,1000,plain,12.25,12250.00,USD
2026-10-01,Tabzoola,poly,20,25,plain,78.00,1950.00,USD
2026-10-01,Tabzoola,poly,20,50,plain,55.00,2750.00,USD
2026-10-01,Tabzoola,poly,20,100,plain,35.40,3540.00,USD
2026-10-01,Tabzoola,poly,20,250,plain,22.40,5600.00,USD
2026-10-01,Tabzoola,poly,20,500,plain,17.80,8900.00,USD
2026-10-01,Tabzoola,poly,20,1000,plain,16.20,16200.00,USD
2026-10-01,Tabzoola,poly,25,25,plain,93.50,2337.50,USD
2026-10-01,Tabzoola,poly,25,50,plain,66.75,3337.50,USD
2026-10-01,Tabzoola,poly,25,100,plain,43.25,4325.00,USD
2026-10-01,Tabzoola,poly,25,250,plain,27.60,6900.00,USD
2026-10-01,Tabzoola,poly,25,500,plain,22.05,11025.00,USD
2026-10-01,Tabzoola,poly,25,1000,plain,20.15,20150.00,USD
2026-10-01,Tabzoola,poly,3,25,binder_ready,25.48,637.00,USD
2026-10-01,Tabzoola,poly,3,50,binder_ready,15.23,761.50,USD
2026-10-01,Tabzoola,poly,3,100,binder_ready,8.89,889.00,USD
2026-10-01,Tabzoola,poly,3,250,binder_ready,4.90,1225.00,USD
2026-10-01,Tabzoola,poly,3,500,binder_ready,3.53,1765.00,USD
2026-10-01,Tabzoola,poly,3,1000,binder_ready,2.95,2950.00,USD
2026-10-01,Tabzoola,poly,5,25,binder_ready,31.80,795.00,USD
2026-10-01,Tabzoola,poly,5,50,binder_ready,20.05,1002.50,USD
2026-10-01,Tabzoola,poly,5,100,binder_ready,12.15,1215.00,USD
2026-10-01,Tabzoola,poly,5,250,binder_ready,7.10,1775.00,USD
2026-10-01,Tabzoola,poly,5,500,binder_ready,5.35,2675.00,USD
2026-10-01,Tabzoola,poly,5,1000,binder_ready,4.65,4650.00,USD
2026-10-01,Tabzoola,poly,6,25,binder_ready,34.96,874.00,USD
2026-10-01,Tabzoola,poly,6,50,binder_ready,22.46,1123.00,USD
2026-10-01,Tabzoola,poly,6,100,binder_ready,13.78,1378.00,USD
2026-10-01,Tabzoola,poly,6,250,binder_ready,8.20,2050.00,USD
2026-10-01,Tabzoola,poly,6,500,binder_ready,6.26,3130.00,USD
2026-10-01,Tabzoola,poly,6,1000,binder_ready,5.50,5500.00,USD
2026-10-01,Tabzoola,poly,8,25,binder_ready,41.28,1032.00,USD
2026-10-01,Tabzoola,poly,8,50,binder_ready,27.28,1364.00,USD
2026-10-01,Tabzoola,poly,8,100,binder_ready,17.04,1704.00,USD
2026-10-01,Tabzoola,poly,8,250,binder_ready,10.40,2600.00,USD
2026-10-01,Tabzoola,poly,8,500,binder_ready,8.08,4040.00,USD
2026-10-01,Tabzoola,poly,8,1000,binder_ready,7.20,7200.00,USD
2026-10-01,Tabzoola,poly,10,25,binder_ready,47.60,1190.00,USD
2026-10-01,Tabzoola,poly,10,50,binder_ready,32.10,1605.00,USD
2026-10-01,Tabzoola,poly,10,100,binder_ready,20.30,2030.00,USD
2026-10-01,Tabzoola,poly,10,250,binder_ready,12.60,3150.00,USD
2026-10-01,Tabzoola,poly,10,500,binder_ready,9.90,4950.00,USD
2026-10-01,Tabzoola,poly,10,1000,binder_ready,8.90,8900.00,USD
2026-10-01,Tabzoola,poly,12,25,binder_ready,53.92,1348.00,USD
2026-10-01,Tabzoola,poly,12,50,binder_ready,36.92,1846.00,USD
2026-10-01,Tabzoola,poly,12,100,binder_ready,23.56,2356.00,USD
2026-10-01,Tabzoola,poly,12,250,binder_ready,14.80,3700.00,USD
2026-10-01,Tabzoola,poly,12,500,binder_ready,11.72,5860.00,USD
2026-10-01,Tabzoola,poly,12,1000,binder_ready,10.60,10600.00,USD
2026-10-01,Tabzoola,poly,15,25,binder_ready,63.40,1585.00,USD
2026-10-01,Tabzoola,poly,15,50,binder_ready,44.15,2207.50,USD
2026-10-01,Tabzoola,poly,15,100,binder_ready,28.45,2845.00,USD
2026-10-01,Tabzoola,poly,15,250,binder_ready,18.10,4525.00,USD
2026-10-01,Tabzoola,poly,15,500,binder_ready,14.45,7225.00,USD
2026-10-01,Tabzoola,poly,15,1000,binder_ready,13.15,13150.00,USD
2026-10-01,Tabzoola,poly,20,25,binder_ready,79.20,1980.00,USD
2026-10-01,Tabzoola,poly,20,50,binder_ready,56.20,2810.00,USD
2026-10-01,Tabzoola,poly,20,100,binder_ready,36.60,3660.00,USD
2026-10-01,Tabzoola,poly,20,250,binder_ready,23.60,5900.00,USD
2026-10-01,Tabzoola,poly,20,500,binder_ready,19.00,9500.00,USD
2026-10-01,Tabzoola,poly,20,1000,binder_ready,17.40,17400.00,USD
2026-10-01,Tabzoola,poly,25,25,binder_ready,95.00,2375.00,USD
2026-10-01,Tabzoola,poly,25,50,binder_ready,68.25,3412.50,USD
2026-10-01,Tabzoola,poly,25,100,binder_ready,44.75,4475.00,USD
2026-10-01,Tabzoola,poly,25,250,binder_ready,29.10,7275.00,USD
2026-10-01,Tabzoola,poly,25,500,binder_ready,23.55,11775.00,USD
2026-10-01,Tabzoola,poly,25,1000,binder_ready,21.65,21650.00,USD
