care_setting,tab_count,sections_in_order,typical_cut,note,page,publisher,license
Physician practice / clinic (standard chart),8,Patient Information | History & Physical | Progress Notes | Medications | Labs | EKG / Diagnostics | Consults | Miscellaneous,1/8,The most-ordered paper chart structure; side tabs for three-ring charts.,https://tabzoola.com/tabs/standard-medical-chart-divider-sets,"Tabzoola (Anselmo Die & Index, Schaumburg, Illinois)",CC BY 4.0
Small outpatient clinic,6,Patient Information | History & Physical | Progress Notes | Medications | Labs & Diagnostics | Correspondence,1/6,Smaller charts with fewer sections.,https://tabzoola.com/tabs/standard-medical-chart-divider-sets,"Tabzoola (Anselmo Die & Index, Schaumburg, Illinois)",CC BY 4.0
Expanded practice chart,10,Patient Information | Insurance & Billing | History & Physical | Progress Notes | Medications | Labs | Imaging | EKG | Consults & Referrals | Consents & Legal,1/10,"Practices that file insurance, imaging and consents separately.",https://tabzoola.com/tabs/standard-medical-chart-divider-sets,"Tabzoola (Anselmo Die & Index, Schaumburg, Illinois)",CC BY 4.0
Hospital inpatient nursing unit,12,Face Sheet | Physician Orders | History & Physical | Progress Notes | Nurses Notes | MAR | Flow Sheets | Labs | Radiology | Consults | Consents | Discharge Planning,1/12,Nursing documentation beside the physician record; one house-wide set or one per service line.,https://tabzoola.com/tabs/hospital-chart-dividers,"Tabzoola (Anselmo Die & Index, Schaumburg, Illinois)",CC BY 4.0
Long-term care / skilled nursing resident chart,12,Face Sheet | Physician Orders | Care Plan | MDS | Nursing Notes | MAR | Labs | Therapy | ADL Records | Consents | Social Services | Dietary,1/12,Care planning and daily records alongside clinical sections.,https://tabzoola.com/tabs/long-term-care-resident-chart-tabs,"Tabzoola (Anselmo Die & Index, Schaumburg, Illinois)",CC BY 4.0
Behavioral health client chart,9,Intake & Consent | Assessment | Diagnosis | Treatment Plan & Reviews | Progress Notes | Medication & Psychiatric | Coordination of Care | Releases of Information | Discharge & Aftercare,1/9,Treatment plans and releases are their own sections.,https://tabzoola.com/tabs/behavioral-health-chart-tabs,"Tabzoola (Anselmo Die & Index, Schaumburg, Illinois)",CC BY 4.0
Dental practice chart,6,Medical History | Treatment Plans | Radiographs | Periodontal Charting | Insurance | Consents,1/6,Radiographs and periodontal charting are dental-specific.,https://tabzoola.com/tabs/dental-chart-tabs,"Tabzoola (Anselmo Die & Index, Schaumburg, Illinois)",CC BY 4.0
Chiropractic chart,9,Intake & History | Initial Exam | Imaging / X-Ray | Care Plan | Daily SOAP Notes | Re-Examinations | Insurance & Billing | Correspondence | Consents,1/9,Daily SOAP notes and re-exams repeat through a care plan.,https://tabzoola.com/tabs/chiropractic-chart-tabs,"Tabzoola (Anselmo Die & Index, Schaumburg, Illinois)",CC BY 4.0
Veterinary patient record,12,Signalment & History | Vaccinations | Exam Notes | Laboratory | Imaging & Radiographs | Surgery & Anesthesia | Dentistry | Medications & Prescriptions | Parasite Control | Boarding & Grooming | Invoices & Estimates | Consents,1/12,Runs longer than a human medical chart.,https://tabzoola.com/tabs/veterinary-chart-tabs,"Tabzoola (Anselmo Die & Index, Schaumburg, Illinois)",CC BY 4.0
Clinical research site regulatory binder,10,IRB Approvals | Protocol & Amendments | Investigator Brochure | Consent Forms | Form FDA 1572 | Delegation Log | Safety Reports | Monitoring Log | Drug Accountability | Correspondence,1/10,Every site in a network can use an identical set.,https://tabzoola.com/tabs/clinical-trial-regulatory-binder-tabs,"Tabzoola (Anselmo Die & Index, Schaumburg, Illinois)",CC BY 4.0
