rank,tabs,titles_in_order,companies,jobs,first_year,last_year,publisher,license
1,10,1 | 2 | 3 | 4 | 5 | 6 | 7 | 8 | 9 | 10,19,109,1998,2025,Tabzoola (tabzoola.com),CC BY 4.0
2,5,1 | 2 | 3 | 4 | 5,18,94,1998,2025,Tabzoola (tabzoola.com),CC BY 4.0
3,15,1 | 2 | 3 | 4 | 5 | 6 | 7 | 8 | 9 | 10 | 11 | 12 | 13 | 14 | 15,14,124,2004,2025,Tabzoola (tabzoola.com),CC BY 4.0
4,8,1 | 2 | 3 | 4 | 5 | 6 | 7 | 8,13,37,2003,2020,Tabzoola (tabzoola.com),CC BY 4.0
5,6,1 | 2 | 3 | 4 | 5 | 6,10,68,2003,2026,Tabzoola (tabzoola.com),CC BY 4.0
6,4,1 | 2 | 3 | 4,10,45,2004,2019,Tabzoola (tabzoola.com),CC BY 4.0
7,5,6 | 7 | 8 | 9 | 10,9,69,2003,2025,Tabzoola (tabzoola.com),CC BY 4.0
8,7,1 | 2 | 3 | 4 | 5 | 6 | 7,9,22,1999,2024,Tabzoola (tabzoola.com),CC BY 4.0
9,11,UCC FORMS | GUARANTY | INSURANCE | OTHER DOCUMENTS | SPREAD SHEETS | CORPORATE FINANCIAL STATEMENTS | PERSONAL FINANCIAL STATEMENTS | CORRESPONDENCE | CREDIT REPORTS | OLD NOTES & DOCUMENTS | MISCELLANEOUS,8,10,2015,2021,Tabzoola (tabzoola.com),CC BY 4.0
10,10,11 | 12 | 13 | 14 | 15 | 16 | 17 | 18 | 19 | 20,7,58,2005,2024,Tabzoola (tabzoola.com),CC BY 4.0
11,3,1 | 2 | 3,7,15,2003,2017,Tabzoola (tabzoola.com),CC BY 4.0
12,5,I | II | III | IV | V,6,22,2003,2023,Tabzoola (tabzoola.com),CC BY 4.0
13,10,A | B | C | D | E | F | G | H | I | J,6,8,2004,2016,Tabzoola (tabzoola.com),CC BY 4.0
14,12,JAN | FEB | MAR | APR | MAY | JUN | JUL | AUG | SEP | OCT | NOV | DEC,6,7,2004,2026,Tabzoola (tabzoola.com),CC BY 4.0
15,9,1 | 2 | 3 | 4 | 5 | 6 | 7 | 8 | 9,6,6,2013,2018,Tabzoola (tabzoola.com),CC BY 4.0
16,5,A | B | C | D | E,5,146,1999,2026,Tabzoola (tabzoola.com),CC BY 4.0
17,4,Appendix A | Appendix B | Appendix C | Appendix D,5,18,2004,2021,Tabzoola (tabzoola.com),CC BY 4.0
18,6,A | B | C | D | E | F,5,13,1996,2021,Tabzoola (tabzoola.com),CC BY 4.0
19,3,Appendix F | Appendix G | Appendix H,5,11,2004,2020,Tabzoola (tabzoola.com),CC BY 4.0
20,9,2E | 2F | 2G | 3A | 3B | 3C | 4A | 5A | 5B,5,11,2006,2017,Tabzoola (tabzoola.com),CC BY 4.0
21,8,I | II | III | IV | V | VI | VII | VIII,5,6,2004,2015,Tabzoola (tabzoola.com),CC BY 4.0
22,5,Appendix A | Appendix B | Appendix C | Appendix D | Appendix E,4,59,2003,2024,Tabzoola (tabzoola.com),CC BY 4.0
23,12,1 | 2 | 3 | 4 | 5 | 6 | 7 | 8 | 9 | 10 | 11 | 12,4,55,2004,2016,Tabzoola (tabzoola.com),CC BY 4.0
24,5,11 | 12 | 13 | 14 | 15,4,44,2008,2025,Tabzoola (tabzoola.com),CC BY 4.0
25,5,Module 1 | Module 2 | Module 3 | Module 4 | Module 5,4,30,2005,2023,Tabzoola (tabzoola.com),CC BY 4.0
26,10,41 | 42 | 43 | 44 | 45 | 46 | 47 | 48 | 49 | 50,4,29,2005,2023,Tabzoola (tabzoola.com),CC BY 4.0
27,5,16 | 17 | 18 | 19 | 20,4,28,2008,2025,Tabzoola (tabzoola.com),CC BY 4.0
28,2,A | B,4,18,2005,2019,Tabzoola (tabzoola.com),CC BY 4.0
29,10,31 | 32 | 33 | 34 | 35 | 36 | 37 | 38 | 39 | 40,4,16,2005,2023,Tabzoola (tabzoola.com),CC BY 4.0
30,3,A | B | C,4,10,2000,2020,Tabzoola (tabzoola.com),CC BY 4.0
31,4,A | B | C | D,4,10,2004,2020,Tabzoola (tabzoola.com),CC BY 4.0
32,6,January | February | March | April | May | June,4,7,2004,2021,Tabzoola (tabzoola.com),CC BY 4.0
33,6,July | August | September | October | November | December,4,7,2004,2021,Tabzoola (tabzoola.com),CC BY 4.0
34,10,K | L | M | N | O | P | Q | R | S | T,4,7,2004,2011,Tabzoola (tabzoola.com),CC BY 4.0
35,2,I | II,4,7,2007,2018,Tabzoola (tabzoola.com),CC BY 4.0
36,8,Behavioral Services | Restraint Checklist | Nursing | MAR/TOR | Habilitation Therapy | Nutrition | Dental | Integrated Progress Notes,4,5,2010,2014,Tabzoola (tabzoola.com),CC BY 4.0
37,3,LAB/X-RAY | CORRESPONDENCE | MEDICATIONS,4,5,2015,2016,Tabzoola (tabzoola.com),CC BY 4.0
38,2,2 | 3,4,4,2004,2023,Tabzoola (tabzoola.com),CC BY 4.0
39,8,Entity Structuring | Asset Protection | Tax Savings | Employee Retention | Health Care Planning | Retirement Planning | Succession Planning | Estate Planning,3,29,2005,2011,Tabzoola (tabzoola.com),CC BY 4.0
40,5,Appendix F | Appendix G | Appendix H | Appendix I | Appendix J,3,25,2004,2024,Tabzoola (tabzoola.com),CC BY 4.0
41,4,Tax Returns | Financial Statements | Legal Documents | Insurance,3,23,2005,2015,Tabzoola (tabzoola.com),CC BY 4.0
42,5,Tax Returns | Financial Statements | Legal Documents | Insurance | Benefits,3,23,2005,2015,Tabzoola (tabzoola.com),CC BY 4.0
43,3,Appendix A | Appendix B | Appendix C,3,21,2004,2019,Tabzoola (tabzoola.com),CC BY 4.0
44,5,Module 6 | Module 7 | Module 8 | Module 9 | Module 10,3,18,2006,2023,Tabzoola (tabzoola.com),CC BY 4.0
45,6,Cooking | Cooling | Hot / Cold Holding | Refrigerator / Freezer | Dish Machine | Calibration,3,18,2014,2025,Tabzoola (tabzoola.com),CC BY 4.0
46,10,21 | 22 | 23 | 24 | 25 | 26 | 27 | 28 | 29 | 30,3,15,2005,2023,Tabzoola (tabzoola.com),CC BY 4.0
47,5,100 | 200 | 300 | 400 | 500,3,13,2003,2012,Tabzoola (tabzoola.com),CC BY 4.0
48,5,F | G | H | I | J,3,11,2009,2023,Tabzoola (tabzoola.com),CC BY 4.0
49,2,COMPRESSORS | REFRIGERANTS,3,10,2004,2007,Tabzoola (tabzoola.com),CC BY 4.0
50,4,Blank Forms | Completed Forms | Tracking Log | Program Specifics,3,10,2005,2012,Tabzoola (tabzoola.com),CC BY 4.0
51,4,Blank Forms | Completed Forms | Supplies | Program Specifics,3,10,2005,2012,Tabzoola (tabzoola.com),CC BY 4.0
52,13,A | B | C | D | E | F | G | H | I | J | K | L | M,3,10,2006,2018,Tabzoola (tabzoola.com),CC BY 4.0
53,8,5(J) | 5(K) | 5(L) | 5(M) | 5(N) | 5(O) | 6(A) | 6(B),3,10,2010,2014,Tabzoola (tabzoola.com),CC BY 4.0
54,8,3(B)(1) | 3(B)(2) | 3(C)(1) | 3(C)(2) | 3(D)(1) | 3(D)(2) | 3(D)(3) | 3(D)(4),3,9,2010,2014,Tabzoola (tabzoola.com),CC BY 4.0
55,8,5(B) | 5(C) | 5(D) | 5(E) | 5(F) | 5(G) | 5(H) | 5(I),3,9,2010,2014,Tabzoola (tabzoola.com),CC BY 4.0
56,8,6(C) | 6(D) | 6(E) | 6(F) | 6(G) | 6(H) | 6(I) | 6(J),3,9,2010,2014,Tabzoola (tabzoola.com),CC BY 4.0
57,8,6(K) | 6(L) | 6(M) | 6(N) | 8(A) | 8(B) | 8(C) | 8(D),3,9,2010,2014,Tabzoola (tabzoola.com),CC BY 4.0
58,2,Appendix A | Appendix B,3,8,2005,2020,Tabzoola (tabzoola.com),CC BY 4.0
59,8,1(A) | 1(B) | 2(A) | 2(B) | 2(C) | 2(D) | 3(A)(1) | 3(A)(2),3,8,2010,2014,Tabzoola (tabzoola.com),CC BY 4.0
60,2,11 | 12,3,7,2004,2011,Tabzoola (tabzoola.com),CC BY 4.0
61,5,Valuation Conclusion | Exhibit I | Exhibit II | Exhibit III | Exhibit IV,3,7,2007,2013,Tabzoola (tabzoola.com),CC BY 4.0
62,3,Exhibit X | Valuation Methodologies | Glossary,3,7,2007,2013,Tabzoola (tabzoola.com),CC BY 4.0
63,6,U | V | W | X | Y | Z,3,6,2004,2011,Tabzoola (tabzoola.com),CC BY 4.0
64,7,A | B | C | D | E | F | G,3,5,1998,2016,Tabzoola (tabzoola.com),CC BY 4.0
65,2,1 | 2,3,5,2004,2019,Tabzoola (tabzoola.com),CC BY 4.0
66,5,Trim | Millwork | Roofing | Foundation & Egress | Hardwoods & Softwoods,3,5,2005,2006,Tabzoola (tabzoola.com),CC BY 4.0
67,10,I | II | III | IV | V | VI | VII | VIII | IX | X,3,5,2006,2021,Tabzoola (tabzoola.com),CC BY 4.0
68,4,Millwork | Roof & Basement | Lumber | Green Products,3,5,2008,2011,Tabzoola (tabzoola.com),CC BY 4.0
69,2,BLANK TAB | BLANK TAB,3,5,2009,2022,Tabzoola (tabzoola.com),CC BY 4.0
70,5,LABORATORY | X-RAY | E.K.G | LETTERS | HOSPITAL,3,4,2005,2005,Tabzoola (tabzoola.com),CC BY 4.0
71,9,Hospital | Health Status | X-Ray | LAB | Psychiatry | Side Effects Screening | Pharmacy | Consults | Physicians Orders,3,4,2010,2014,Tabzoola (tabzoola.com),CC BY 4.0
72,13,N | O | P | Q | R | S | T | U | V | W | X | Y | Z,3,4,2013,2015,Tabzoola (tabzoola.com),CC BY 4.0
73,6,Table of Contents | 1. General Rules | 2. General Work Practices | 3. Overhead Operations | 4. Underground Operations | 5. Shop Safety Practices,3,4,2014,2016,Tabzoola (tabzoola.com),CC BY 4.0
74,6,6. Switching & Clearance Procedures | 7. Grounding | 8. Transportation | 9. Traffic Control | 10. Confined Spaces | 11. Tools & Equipment,3,4,2014,2016,Tabzoola (tabzoola.com),CC BY 4.0
75,6,12. Chemicals | 13. First Aid | 14. Respiratory Protection | 15. Office Safety | 16. Definitions | 17. Index,3,4,2014,2016,Tabzoola (tabzoola.com),CC BY 4.0
76,8,Instructions | Living Trust | Will | Financial Power of Attorney | Health Care Directive | Property Agreement | Irrevocable Trust | Financial / Personal Information,3,4,2018,2024,Tabzoola (tabzoola.com),CC BY 4.0
77,15,A | B | C | D | E | F | G | H | I | J | K | L | M | N | O,3,3,2003,2013,Tabzoola (tabzoola.com),CC BY 4.0
78,8,A | B | C | D | E | F | G | H,3,3,2005,2017,Tabzoola (tabzoola.com),CC BY 4.0
79,5,Furniture | Seating | Floor-to-Ceiling | Filing & Storage | Pricing,3,3,2005,2006,Tabzoola (tabzoola.com),CC BY 4.0
80,5,Literature & Pricing | Specifications | Fabrics & Finishes | Customer Installations | Installation Instructions,3,3,2005,2006,Tabzoola (tabzoola.com),CC BY 4.0
81,6,DIVISION 1 General Provisions and Covenants | DIVISION 2 Earthwork | DIVISION 3 Trench and Trenchless Construction | DIVISION 4 Sewers and Drains | DIVISION 5 Water Mains and Appurtenances | DIVISION 6 Structures for Sanitary and Storm Sewers,3,3,2008,2012,Tabzoola (tabzoola.com),CC BY 4.0
82,5,DIVISION 7 Streets and Related Work | DIVISION 8 Traffic Signals | DIVISION 9 Site Work and Landscaping | DIVISION 10 Utility Service Location Details | DIVISION 11 Demolition,3,3,2008,2012,Tabzoola (tabzoola.com),CC BY 4.0
83,10,PSP/Addendums | Physical Nutritional Management Plan (PNMP) | LOS/Rights | Profile Sheet | Daily Schedule | Positive Behavior Support Plan | Specific Program Objectives (SPO) | Health | Clothing Inventory | Observation Notes,3,3,2010,2012,Tabzoola (tabzoola.com),CC BY 4.0
